,Unnamed: 0,date,company,position,return_1w,return_2w,return_1m,return_2m,lower_range,higher_range,stop_loss,price,stop_loss_after_2w,price_after_2w,stop_out_cover_short ,return_after_2w,same_day,one_week,two_week,one_month,two_month
0,0,1.28,GOOGL,long,-0.024415172,-0.056046934,-0.025631308,0.008739981,738,757,710,747.46,710,732.49,,-2.00%,748.2999,730.030029,706.359985,729.119995,754.840027
1,1,1.28,AMGN,long,0.010515656,-0.039813568,-0.003906745,0.012994637,145,151,139,148.46,142,151.04,,1.74%,143.54968,145.059199,137.834455,142.988868,145.415056
2,2,1.28,FB,long,0.012647759,-0.065988424,-0.009531674,0.036110365,98,109,91,108.94,95,105.16,,-3.47%,109.110001,110.489998,101.910004,108.07,113.050003
3,3,1.28,HON,long,0.046749026,0.036439726,0.069539772,0.142731207,93,98,89,98,99,106.25,,8.42%,95.848114,100.32892,99.340793,102.51337,109.528631
4,4,1.28,NFLX,long,-0.049782913,-0.085372372,0.001270999,0.041838755,90,97,85,94.32,85,94.71,,0.41%,94.410004,89.709999,86.349998,94.529999,98.360001
5,5,1.28,PANW,long,0.039419044,-0.110244642,0.003648548,0.114107863,136,143,125,139.54,125,132.39,,-5.12%,139.779999,145.289993,124.370003,140.289993,155.729996
6,6,1.28,TWTR,long,0.025469982,-0.132201334,0.066707095,-0.035172832,15,18,13,16.52,14.6,17.44,,5.57%,16.49,16.91,14.31,17.59,15.91
7,7,1.28,BABA,short,0.030782981,0.094889393,0.003885147,-0.133592398,67,72,72,69.77,,66.41,wrong,4.82%,66.919998,64.860001,60.57,66.660004,75.860001
8,8,1.28,AXP,short,-0.028366112,0.033472013,-0.047465944,-0.143532527,52,56,59,52.83,,53.65,wrong,-1.55%,51.878206,53.349789,50.141738,54.340654,59.324416
9,9,1.28,CMG,short,-0.039330819,-0.018341194,-0.115321801,-0.040368166,440,456,473,453.95,,514,473,-13.23%,453.079987,470.899994,461.390015,505.329987,471.369995
10,10,1.28,IBM,short,-0.044428089,0.025905952,-0.11171532,-0.222886894,118,125,133,122.33,133,126.08,,-3.07%,116.810067,121.999715,113.783991,129.859541,142.8455
11,11,1.28,ISRG,short,-0.048120862,0.009571087,-0.062078658,-0.107711822,520,540,558,526.27,558,541.83,,-2.96%,526.590027,551.929993,521.549988,559.280029,583.309998
12,12,1.28,URI,short,-0.068012239,0.049144403,-0.104870531,-0.360026312,54,62,59,56.22,59,48.12,,14.41%,45.580002,48.68,43.34,50.360001,61.990002
13,13,1.28,AMBA,short,-0.051857739,0.029671238,-0.164929217,-0.0903502,34,39,43,37.32,,42.87,43,-14.87%,37.41,39.349998,36.299999,43.580002,40.790001
14,14,3.2,COO,long,0.03151795,0.017293051,0.088138895,0.102015132,139,146,131,143.37,131,145.59,,1.55%,143.362212,147.880695,145.841382,155.997999,157.987327
15,15,3.2,ITW,long,-0.001443091,0.013399335,0.063592189,0.093231421,93,98,88,96.98,91,98.45,,1.52%,94.936502,94.7995,96.208588,100.973722,103.787567
16,16,3.2,MDT,long,0.012870444,0.027617709,0.016262218,0.070565261,71,77,64,74.48,71,76.87,,3.21%,73.408189,74.352985,75.435555,74.601969,78.588257
17,17,3.2,ROST,long,-0.020090046,0.008467809,0.01280793,0.010551053,53,58,51,57.71,53,58.01,,0.52%,57.217987,56.068475,57.702498,57.950831,57.821697
18,18,3.2,THO,long,0.086031158,0.102128403,0.144908719,0.155691058,51,56,49,55.86,54,61.5,,10.10%,54.99382,59.725002,60.610251,62.962904,63.555866
19,19,3.2,V,long,-0.048721544,-0.025975778,0.033378138,0.060026903,70,76,66,74.26,66,72.39,,-2.52%,73.744317,70.15138,71.828751,76.205765,78.17096
20,20,3.2,ENDP,long,-0.046976139,-0.226680106,-0.351195761,-0.341389627,39,44,36,43.84,29,33.92,,-22.63%,43.8499,41.790001,33.91,28.450001,28.879999
21,21,3.2,DPLO,short,0.082002906,0.049346845,0.004716945,-0.192307772,24,28,34,27.55,32,26.21,,4.86%,27.559999,25.299999,26.2,27.43,32.860001
22,22,3.2,FIT,short,-0.027195027,-0.112665113,-0.041181041,-0.389269619,12,14,17,12.86,,14.34,15-15.20,-11.51%,12.87,13.22,14.32,13.4,17.8799
23,23,3.2,LL,short,-0.036906854,0.027240773,-0.134446397,-0.407732865,10,13,15.08,11.38,14.1,11,,3.34%,11.38,11.8,11.07,12.91,16.02
24,24,3.2,RH,short,0.023864511,0.003079369,-0.040800615,-0.18373107,36,40,42,38.86,42,38.39,,1.21%,38.970001,38.040001,38.849998,40.560001,46.130001
25,25,3.2,SHLD,short,0.036702938,0.147938969,0.146245011,-0.024844778,16,19,21,17.55,19,14.98,,14.64%,17.709999,17.05999,15.09,15.12,18.15
26,26,3.2,STRA,short,-0.078388486,-0.073133351,-0.058900878,-0.100284699,42,47,54,45.67,54,49,,-7.29%,45.669998,49.25,49.009998,48.360001,50.25
27,27,3.2,VRX,short,0.009041055,0.502890166,0.598784651,0.482436676,63,72,79,67.54,43,33.98,,49.69%,67.470001,66.860001,33.540001,27.07,34.919998
28,28,3.3,AMGN,long,0.06810281,0.070778718,0.077067196,0.04759285,145,153,142,149.48,151,160.02,,7.05%,145.648895,155.567994,155.957737,156.873647,152.580741
29,29,3.3,BDX,long,0.018880323,0.042218451,0.058410933,0.09479485,146,153,145,152.54,151,158.11,,3.65%,150.713156,153.558669,157.076032,159.516452,164.999987
30,30,3.3,GS,long,-0.008371167,0.021405784,0.066581454,0.030351433,149,157,145,156.5,151,161.03,,2.89%,154.774241,153.4786,158.087305,165.079335,159.471861
31,31,3.3,NFLX,long,0.02583423,0.073001271,-0.109110488,-0.019473578,97,105,93,102.19,101,110.69,,8.32%,102.190002,104.830002,109.650002,91.040001,100.199997
32,32,3.3,PANW,long,-0.023273066,-0.122908836,-0.03691592,-0.100623511,158,165,141,161.93,,140.87,141,-13.01%,161.990005,158.220001,142.080002,156.009995,145.690002
33,33,3.3,TTC,long,0.009114003,0.02572685,0.003114867,0.021458252,84,89,81,86.69,83,88.76,,2.39%,42.919013,43.310177,44.023184,43.0527,43.83998
34,34,3.3,FAST,long,-0.037195983,-0.063560193,-0.024028002,-0.054887141,45,50,42,48.93,42,45.73,,-6.54%,47.580944,45.811124,44.55669,46.437669,44.969362
35,35,3.3,CMG,short,0.023383019,0.04610102,0.104966199,0.017397801,460,474,481,466.15,468,456.71,,2.03%,466.149994,455.25,444.660004,417.220001,458.040009
36,36,3.3,DV,short,0.018583004,-0.012195204,-0.007204692,-0.014131006,16,20,20,17.2,20,17.16,,0.23%,17.048751,16.731934,17.256664,17.171582,17.289667
37,37,3.3,JCOM,short,-0.012133102,-0.011641238,-0.034267913,-0.075607198,59,64,68,60.9,68,61.79,,-1.46%,60.065432,60.794212,60.764668,62.123749,64.606811
38,38,3.3,RL,short,0.004539773,0.034564581,0.020945104,0.030850164,93,100,105,96.91,99,92.82,,4.22%,95.344192,94.911351,92.04866,93.347198,92.402808
39,39,3.3,DATA,short,-0.011904784,-0.055555554,-0.0941358,-0.087962895,41,48,55,45.38,55,48.29,,-6.41%,45.360001,45.900002,47.880001,49.630001,49.349998
40,40,3.3,VRX,short,-0.262282896,-0.222755744,-0.289988844,-0.0018471,25,33,37,27.07,37,32.53,,-20.17%,27.07,34.169998,33.099998,34.919998,27.120001
41,41,3.3,CONN,short,0.076489533,-0.046698873,-0.204508857,0.061996779,11,14,16,12.42,16,12.69,,-2.17%,12.42,11.47,13,14.96,11.65
42,42,4.28,AAPL,long,-0.010779698,-0.04154697,0.065289743,0.01956318,92,98,88,94.62,,92.59,88,-2.15%,92.8667,91.865625,89.00837,98.929943,94.683468
43,43,4.28,COH,long,-0.038582879,-0.077651074,-0.045619931,-0.010442665,38,42,36,42.13,37,38.23,,-9.26%,40.136689,38.5881,37.020032,38.305656,39.717555
44,44,4.28,IR,long,-0.007347361,0.009031025,0.014541507,0.019650406,62,68,57,65.21,62,65.93,,1.10%,64.360247,63.887369,64.941486,65.296142,65.624952
45,45,4.28,SYK,long,0.005111401,0.020627988,0.018437429,0.080503834,105,111,98,109.21,104,111.6,,2.19%,108.46225,109.016644,110.699608,110.462015,117.193877
46,46,4.28,TMO,long,-0.001238699,0.024772853,0.040462355,0.047966381,143,148,138,145.03,141,148.05,,2.08%,144.877825,144.698365,148.466862,150.739923,151.82709
47,47,4.28,WYNN,long,0.004483314,0.047074615,0.066231216,0.146012553,86,94,79,89.2,85,92.9,,4.15%,87.332717,87.724257,91.443871,93.116869,100.08439
48,48,4.28,SKX,long,-0.055688649,-0.058682661,-0.096107809,-0.122754573,29,35,27,33.36,27,30.71,,-7.94%,33.400002,31.540001,31.440001,30.190001,29.299999
49,49,4.28,BWLD,short,-0.003192445,-0.022271261,-0.072894468,-0.094709685,126,134,140,131.38,140,133.5,,-1.61%,131.559998,131.979996,134.490005,141.149994,144.020004
50,50,4.28,CRS,short,0.082633094,0.13613448,0.099439757,0.039495824,34,37,41,35.74,36,31.11,,12.95%,35.220078,32.309734,30.425411,31.717802,33.829032
51,51,4.28,CMG,short,-0.027397275,-0.079381239,-0.067619285,0.034270145,420,433,461,422.84,469,454.16,,-7.41%,423.399994,435,457.01001,452.029999,408.890015
52,52,4.28,IBM,short,0.004079732,-0.021801684,-0.046516094,-0.066493564,144,151,158,146.75,158,148.94,,-1.49%,141.995864,141.416559,145.091613,148.600957,151.437675
53,53,4.28,ILMN,short,-0.023204376,-0.008766129,-0.054290939,-0.079852641,138,144,148,135.4,155,138.7,,-2.44%,135.75,138.899994,136.940002,143.119995,146.589996
54,54,4.28,INTC,short,0.030592332,0.035131359,-0.020958091,-0.069590641,29,33,36,31.05,35,30.06,,3.19%,30.166154,29.243301,29.106376,30.798379,32.265436
55,55,4.28,HRB,short,0.046644426,0.070918602,0.014278988,-0.097776214,19,23,25,21.01,24,19.48,,7.28%,20.401516,19.449899,18.954669,20.110203,22.396299
56,56,5.25,AMAT,long,0.024091266,0.024091266,0.013102236,0.126373629,20,23,18.6,23.67,20,23.67,,0.00%,23.503622,24.069854,24.069854,23.811572,26.47386
57,57,5.25,ETN,long,0.000649251,0.034519496,0.00243463,0.030676823,56,62,54,61.69,54,60.59,,-1.78%,60.489673,60.528946,62.577746,60.636943,62.345304
58,58,5.25,CHD,long,0.012194017,0.0114779,0.025493476,0.019150676,93,99,85,97.44,89,98.87,,1.47%,48.504606,49.096072,49.061337,49.741157,49.433502
59,59,5.25,JACK,long,0.081720416,0.097659626,0.088425029,0.127514153,73,78,70,79.12,70,82.87,,4.74%,78.507591,84.923264,86.174613,85.449627,88.51842
60,60,5.25,TSLA,long,-9.11E-05,0.072593141,-0.104381081,0.039985422,215,225,206,219.68,206,217.11,,-1.17%,219.580002,219.559998,235.520004,196.660004,228.360001
61,61,5.25,VEEV,long,0.124790904,0.175644034,0.132820413,0.220140589,26,29,23,29.84,29,34.34,,15.08%,29.889999,33.619999,35.139999,33.860001,36.470001
62,62,5.25,VMC,long,-0.025401874,-0.014241681,-0.035645861,0.045140324,115,120,109,120.1,109,113.63,,-5.39%,119.677231,116.637205,117.972826,115.411233,125.0795
63,63,5.25,DKS,short,0.006237028,0.005275164,0.061374728,-0.161400926,41,46,49,43.31,47,40.82,,5.75%,42.921885,42.65418,42.695465,40.287566,49.849517
64,64,5.25,MNK,short,-0.075565104,-0.040587345,0.064840801,-0.102458322,58,64,69,60.63,67,60.02,,1.01%,60.610001,65.190002,63.07,56.68,66.82
65,65,5.25,FOSL,short,0.005690291,-0.044807893,-0.08748218,-0.049430973,25,29,35,28.13,31,28.71,,-2.06%,28.120001,27.95999,29.379999,30.58,29.51
66,66,5.25,JWN,short,-0.008458861,-0.072164903,0.001057411,-0.089082678,36,41,48,38.22,44,37,,3.19%,37.322284,37.637988,40.015643,37.282819,40.647053
67,67,5.25,TGT,short,0.012557667,0.009526507,0.006062335,-0.075057794,65,71,75,69.36,75,67.23,,3.07%,67.531574,66.683535,66.888234,67.122175,72.600345
68,68,5.25,DSW,short,-0.031280599,-0.021505405,-0.037623794,-0.171892866,18,22,24,20.48,23,20.23,,1.22%,19.923084,20.54629,20.351538,20.672666,23.34772
69,69,5.25,TIF,short,0.024416934,-0.001721709,0.030968932,0.016305747,59,65,68,63.84,68,61.62,,3.48%,62.681334,61.150848,62.789253,60.74016,61.659268
70,70,6.29,ELLI,long,0.056908836,0.071051771,0.098439841,0.081939649,82,88,77,88.82,83,95.15,,7.13%,89.089996,94.160004,95.419998,97.860001,96.389999
71,71,6.29,GS,long,0.000549841,0.085360816,0.106460521,0.136082494,138,144,134,145.42,147,157.61,,8.38%,144.485381,144.564825,156.818771,159.86737,164.147312
72,72,6.29,FB,long,0.022249412,0.022950201,0.080413382,0.081639792,109,114,96,114.11,112,117.01,,2.54%,114.160004,116.699997,116.779999,123.339996,123.480003
73,73,6.29,NOW,long,0.073779272,0.117097823,0.195173666,0.224080324,62,69,56,66.36,63,70.48,,6.21%,65.330002,70.150002,72.980003,78.080698,79.96917
74,74,6.29,V,long,-0.034923122,0.009382349,-0.594631458,-0.558852081,74,77,68,76.61,71,77.45,,1.10%,76.300938,73.636271,77.01682,30.93,33.66
75,75,6.29,LITE,long,-0.029975062,0.029975021,0.350957577,0.892173231,22,25,18,24.01,21,24.63,,2.58%,24.02,23.299999,24.74,32.450001,45.450001
76,76,6.29,WB,long,0.038643821,0.163689391,0.183011301,0.656944987,25,28,21,27.45,26,32.05,,16.76%,27.43,28.49,31.92,32.45,45.450001
77,77,6.29,BBBY,short,-0.015151455,-0.049883438,-0.024242348,-0.068997647,41,44,48,42.88,,45.1,49,-5.18%,42.66402,43.310442,44.792248,43.698296,45.607737
78,78,6.29,ISRG,short,-0.019339585,-0.022988592,-0.038557512,-0.042373741,638,659,663,657.26,,673.45,663,-2.46%,657.719971,670.440002,672.840027,683.080017,685.590027
79,79,6.29,CMG,short,0.020611009,-0.01743636,-0.040464989,0.014017412,391,410,431,409.3,431,417.28,,-1.95%,409.48999,401.049988,416.630005,426.059998,403.75
80,80,6.29,RL,short,-0.016116312,-0.11044737,-0.118561884,-0.215710565,85,91,93,88.66,,98.34,93,-10.92%,87.786771,89.20157,97.482589,98.194936,106.723305
81,81,6.29,RH,short,-0.060962605,-0.025668486,-0.053832444,-0.214973377,24,28,29,28.05,33,28.83,,-2.78%,28.049999,29.76,28.77,29.559999,34.080002
82,82,6.29,ATHM,short,-0.048709204,-0.046760787,-0.124208421,-0.151972667,20,23,25,20.54,25,21.6,,-5.16%,20.530001,21.530001,21.49,23.08,23.65
83,83,6.29,VRX,short,-0.137641786,-0.066600937,-0.158855451,-0.506660138,18,23,26,20.28,26,21.92,,-8.09%,20.27,23.059999,21.620001,23.49,30.540001
84,84,7.27,DHR,long,0.00160798,0.004576409,-0.002968429,-0.042053199,77,82,74,80.85,76,80.84,,-0.01%,80.591799,80.721389,80.96062,80.352568,77.202656
85,85,7.27,FB,long,-0.006729318,0.01248582,0.001135131,0.053510671,115,122,111,123.4,113,123.99,,0.48%,123.339996,122.510002,124.879997,123.480003,129.940002
86,86,7.27,EW,long,-0.009437268,-0.00358269,-0.00122334,0.041331667,110,117,99,114.12,102,112.39,,-1.52%,114.440002,113.360001,114.029999,114.300003,119.169998
87,87,7.27,F,long,-0.123554874,-0.114884394,-0.111271638,-0.126445033,12,15,12,13.84,12,12.38,,-10.55%,13.452889,11.790719,11.907362,11.955964,11.751838
88,88,7.27,SWK,long,-0.004658385,0.010608247,-0.006211197,0.010801975,117,123,113,122.36,115,122.22,,-0.11%,121.200794,120.636194,122.486522,120.447992,122.510002
89,89,7.27,TWTR,long,0.116677299,0.207355802,0.157260621,0.172479391,15,18,13,15.74,16.8,20.1,,27.70%,15.77,17.610001,19.040001,18.25,18.49
90,90,7.27,ZTS,long,0.027281863,0.03931801,0.015647003,0.024272887,46,50,44,49.85,46,52.25,,4.81%,49.652767,51.007387,51.605015,50.429684,50.857983
91,91,7.27,AKAM,short,0.021184083,-0.029895111,-0.06869931,-0.033656723,49,53,57,50.51,57,52.12,,-3.19%,50.509998,49.43999,52.02,53.98,52.209999
92,92,7.27,CLB,short,0.021637948,-0.008017248,0.078793096,0.004482729,115,119,125,116,125,117.26,,-1.09%,114.908126,112.42175,115.829373,105.854159,114.393024
93,93,7.27,ALR,short,-0.183349323,-0.251668263,-0.290753107,-0.376866965,35,40,46,38.81,46,40.39,,-4.07%,31.469999,37.240002,39.389999,40.619999,43.330002
94,94,7.27,POOL,short,0.007487701,0.015764842,-0.002926853,0.072436427,95,101,110,101.4,110,100.03,,1.35%,100.844841,100.089745,99.255038,101.139999,93.540001
95,95,7.27,RHI,short,-0.00434664,-0.047549225,-0.025417879,0.14000773,34,38,41,36.86,41,37.44,,-1.57%,36.418932,36.577232,38.150624,37.344624,31.32
96,96,7.27,JUNO,short,-0.03095153,-0.033256436,-0.048073722,0.301284218,27,31,36,30.4,,34.07,36,-12.07%,30.370001,31.309999,31.379999,31.83,21.219999
97,97,7.27,SKX,short,0.033292232,0.029593054,-0.023427867,0.127826141,24,27,29,24.32,29,9.8,,59.70%,24.33,23.52,23.610001,24.9,21.21999
98,98,8.31,MMM,long,0.002845317,-0.020196443,-0.009205587,-0.07102215,177,182,169,178.94,171,175.83,,-1.74%,176.945812,177.449279,173.372136,175.316922,164.37874
99,99,8.31,NTAP,long,0.025152019,-0.000288798,0.016189949,-0.011668364,31,35,29,34.55,30,34.57,,0.06%,34.21765,35.078293,34.207768,34.771632,33.818386
100,100,8.31,ELLI,long,0.019822161,-0.056707907,0.044651015,0.041381372,95,99,89,97.63,86,92.37,,-5.39%,97.870003,99.809998,92.32,102.239998,101.919998
101,101,8.31,TMO,long,-0.011104559,-0.027520574,0.043450321,-0.026270938,148,155,142,152.06,136,146.61,,-3.58%,151.876991,150.190464,147.697249,158.476095,147.88704
102,102,8.31,WOOF,long,0.017935377,-0.032057578,-0.041378352,-0.107470657,68,73,64,70.71,62,68.34,,-3.35%,70.809998,72.080002,68.540001,67.879997,63.200001
103,103,8.31,VMW,long,-0.00777308,-0.000409096,0.007091177,-0.000272794,71,76,67,72.98,67,73.31,,0.45%,73.330002,72.760002,73.300003,73.849998,73.309998
104,104,8.31,FTV,long,0.005126271,-0.050313238,-0.018036774,-0.093032046,49,54,44,52.64,44,50.09,,-4.84%,52.602756,52.872412,49.956141,51.653972,47.709014
105,105,8.31,CXW,short,-0.005021984,-0.005649749,0.083490236,0.111520061,15,19,25,16.02,21,15.9,,0.75%,15.074122,15.149824,15.159287,13.81558,13.393055
106,106,8.31,DLR,short,-0.027248,0.06246128,-0.010973296,0.016628318,97,103,108,99.05,99,92.22,,6.90%,97.286992,99.937868,91.210322,98.354551,95.669273
107,107,8.31,DG,short,0.022612768,0.022419387,0.03622669,0.066712041,72,77,83,73.71,77,71.24,,3.35%,72.912789,71.264029,71.278129,70.2714,68.048628
108,108,8.31,FSLR,short,-0.017715547,0.073770518,-0.033315759,-0.086991036,37,42,46,37.78,43,34.78,,7.94%,37.82,38.490002,35.029999,39.080002,41.110001
109,109,8.31,SHLD,short,0.055918664,0.136528686,0.20043573,0.205519245,13,15,17,13.82,14.6,11.85,,14.25%,13.77,13,11.89,11.01,10.94
110,110,8.31,SIG,short,-0.00609905,0.034032702,0.086362553,-0.009087649,77,84,92,82.21,84,78.96,,3.95%,81.460561,81.957393,78.688238,74.425419,82.200846
111,111,8.31,STRP,short,0.009704725,0.029535906,-0.082278435,-0.164978896,18,23,26,21.62,26,21.18,,2.04%,23.700001,23.469999,23,25.65,27.610001
112,112,9.28,AMZN,long,0.018872496,0.00647994,-0.007396882,-0.05864463,815,825,789,827.58,789,824.81,,-0.33%,828.719971,844.359985,834.090027,822.590027,780.119995
113,113,9.28,AOS,long,0.026642525,0.006357916,-0.083863136,-0.017080415,94,98,88,95.58,44,49.13,,-48.60%,49.272281,50.585019,49.58555,45.140153,48.43069
114,114,9.28,AAPL,long,-0.007898153,0.029749878,0.014392265,-0.018858402,110,115,106,113.85,109,116.52,,2.35%,112.878547,111.987015,116.23667,114.503125,110.749838
115,115,9.28,ENDP,long,-0.042039399,-0.122093107,-0.070661893,-0.253130579,20,24,16,22.5,17,20.03,,-10.98%,22.360001,21.42,19.629999,20.780001,16.700001
116,116,9.28,VMC,long,-0.053738312,-0.070526081,-0.029075805,0.123767781,110,116,105,115.21,97,107.49,,-6.70%,115.379713,109.179402,107.242434,112.024955,129.660004
117,117,9.28,WB,long,0.029879724,0.037446643,-0.016298021,-0.030849825,48,53,45,50.94,45,53.01,,4.06%,51.540001,53.080002,53.470001,50.700001,49.950001
118,118,9.28,TWTR,long,0.083188244,-0.213850184,-0.246951143,-0.206446002,20,24,17,23.05,17,17.88,,-22.43%,22.959999,24.870001,18.049999,17.290001,18.219999
119,119,9.28,BBBY,short,-0.059352039,-0.00874907,0.040671587,-0.073776273,41,45,47,42.28,47,41.85,,1.02%,42.179225,44.682648,42.548254,40.463729,45.291051
120,120,9.28,PII,short,-0.012772374,-0.015062715,-0.021061078,-0.182618031,73,78,85,75.65,31,27.27,,63.95%,74.547847,75.5,75.67074,76.117905,88.161628
121,121,9.28,MLHR,short,0.019390545,0.046745088,0.025276992,-0.189404424,27,32,33,28.8,81,75.39,,-161.77%,28.734313,28.177139,27.391125,28.007996,34.176719
122,122,9.28,SKX,short,-0.024021352,-0.026690391,0.106761566,-0.010676112,20,24,27,22.49,,22.63,23.6,-0.62%,22.48,23.02,23.08,20.08,22.719999
123,123,9.28,VIA,short,-0.043743917,0.033479935,-0.034946229,-0.0153959,39,43,45,40.67,45,39.1,,3.86%,40.711489,42.492369,39.348471,42.134202,41.338279
124,124,9.28,VRX,short,0.069265708,0.141180886,0.17335352,0.358819039,24,28,32,26.36,28,22.62,,14.19%,26.42,24.59,22.690001,21.84,16.940001
125,125,9.28,DB,short,-0.104878049,-0.105691057,-0.183739837,-0.283739837,11,13,14.2,12.2,14.2,13.23,,-8.44%,12.3,13.59,13.6,14.56,15.79
126,126,10.26,DHR,long,-0.01286339,0.03202992,0.018266092,0.007975332,75,81,73,77.6,75,79.8,,2.84%,77.61671,76.618296,80.102767,79.034464,78.235729
127,127,10.26,EW,long,-0.058779851,-0.019098175,-0.078408477,-0.029920424,95,101,91,96.26,87,89.25,,-7.28%,94.25,88.709999,92.449997,86.860001,91.43
128,128,10.26,FB,long,-0.02953293,-0.059981635,-0.077838809,-0.091575035,128,133,126,131.18,112,116.5,,-11.19%,131.039993,127.169998,123.18,120.839996,119.040001
129,129,10.26,INTC,long,-0.009163799,0.002666256,0.015650444,0.067010017,32,37,30,34.82,30,34.78,,-0.11%,34.41193,34.096586,34.503681,34.950492,36.717874
130,130,10.26,MSFT,long,-0.019792181,-0.007587038,0.002936473,0.055075876,58,61,55,60.65,55,59.04,,-2.65%,59.860255,58.67549,59.406093,60.036033,63.157111
131,131,10.26,NFLX,long,-0.036465346,-0.03764668,-0.073088123,-0.00370167,121,129,117,127.3,110,114.3,,-10.21%,126.970001,122.339996,122.190002,117.690002,126.5
132,132,10.26,VMW,long,0.067657784,0.049925018,0.082389854,0.117310138,71,76,67,73.02,70,77.91,,6.70%,73.309998,78.26999,76.970001,79.349998,81.910004
133,133,10.26,CMG,short,-0.004374806,-0.004075866,-0.115184002,-0.0692354,355,375,389,364.07,,401.5,408-388,-10.28%,368.019989,369.630005,369.519989,410.410004,393.5
134,134,10.26,CLB,short,0.057017918,0.014764411,-0.06002915,-0.167654236,100,107,111,102.25,111,107.36,,-5.00%,102.484276,96.640836,100.971156,108.63632,119.666199
135,135,10.26,ISRG,short,-0.001276867,0.021420341,0.030703513,0.053220565,660,685,694,665.18,569,641.83,,3.51%,665.719971,666.570007,651.460022,645.280029,630.289978
136,136,10.26,SOHU,short,0.07124879,0.121852968,0.128398839,0.1291541,37,42,44,39.17,39,35.04,,10.54%,39.720001,36.889999,34.880001,34.619999,34.59
137,137,10.26,TWLO,short,0.12971457,0.189347671,0.090723798,0.118501574,37,43,47,39.71,38,35.3,,11.11%,39.240002,34.150002,31.809999,35.68,34.59
138,138,10.26,WHR,short,-0.008293137,-0.075040132,-0.112402314,-0.218178676,147,154,159,149.5,,162.15,159,-8.46%,148.615303,149.84779,159.767415,165.320007,181.039993
139,139,10.26,BCC,short,0.075587334,-0.02145046,-0.123595506,-0.212972421,18,21,25,19.37,22,20.75,,-7.12%,19.58,18.1,20,22,23.75
140,140,11.3,GOOGL,long,0.020093269,0.054144983,0.03697737,0.106421104,769,790,741,776.96,766,820.15,,5.56%,775.880005,791.469971,817.890015,804.570007,858.450012
141,141,11.3,AMZN,long,0.026446535,0.024314854,0.028724833,0.114512986,750,770,742,752.26,756,770.91,,2.48%,750.570007,770.419983,768.820007,772.130005,836.52002
142,142,11.3,FB,long,-0.003968933,0.015115699,-0.012666779,0.11028541,116,123,110,118.37,116,120.18,,1.53%,118.419998,117.949997,120.209999,116.919998,131.479996
143,143,11.3,GS,long,0.074194015,0.094121942,0.09740527,0.081900714,208,219,198,219.58,221,240.5,,9.53%,219.289993,235.559998,239.929993,240.649994,237.25
144,144,11.3,TJX,long,-0.00191465,-0.013275371,-0.038677535,-0.037145723,75,80,72,78.59,74,77.87,,-0.92%,78.069608,77.920132,77.033205,75.050068,75.169656
145,145,11.3,VMC,long,0.033983255,-0.00740152,0.009550306,0.076641439,120,128,113,125.73,115,125.09,,-0.51%,125.650002,129.919998,124.720001,126.849998,135.279999
146,146,11.3,F,long,0.091973286,0.047658817,0.024247537,0.086632475,10.9,12.6,10.3,11.98,11.8,12.67,,5.76%,11.770309,12.852863,12.331268,12.05571,12.79
147,147,11.3,ACIA,short,-0.047935315,0.055298901,0.048512849,0.07724519,68,74,82,69.71,77,66.39,,4.76%,69.260002,72.580002,65.43,65.900002,63.91
148,148,11.3,ALNY,short,0.081832689,0.01504445,0.08798726,0.137679442,42,48,55,43.88,52,43.05,,1.89%,43.869999,40.279999,43.209999,40.009998,37.830002
149,149,11.3,FSLR,short,-0.107849604,-0.07321903,-0.081794162,-0.085092414,27,33,37,30.33,37,32.93,,-8.57%,30.32,33.59,32.540001,32.799999,32.900002
150,150,11.3,ILMN,short,0.083521121,0.057758766,0.039131734,-0.209779241,129,136,148,133.04,138,125.77,,5.46%,133.139999,122.019997,125.449997,127.93,161.070007
151,151,11.3,JUNO,short,0.054862746,0.108229432,0.050373968,-0.003491372,19,23,26,20.1,22,17.73,,11.79%,20.049999,18.950001,17.879999,19.040001,20.120001
152,152,11.3,MNK,short,0.025427111,-0.000379336,0.057115947,0.106451782,50,55,59,52.18,59,52.45,,-0.52%,52.70001,51.360001,52.720001,49.689999,47.09
153,153,11.3,GPRO,short,0.061122244,0.120240481,0.103206413,-0.002004008,9,12,12.4,10.04,10.8,8.83,,12.05%,9.98,9.37,8.78,8.95,10
154,154,12.28,AMGN,long,0.035213635,0.060608092,0.043543088,,143,157,139,148.18,145,155.8,,5.14%,146.658502,151.822881,155.547194,153.044466,
155,155,12.28,AAPL,long,-0.006337834,0.025608062,0.043850593,,113,119,109,116.67,112,119.17,,2.14%,116.255965,115.519154,119.233055,121.353858,
156,156,12.28,AZPN,long,0.028660702,0.021495462,0.036009535,,51,55,47,54.68,49,55.51,,1.52%,54.43,55.990002,55.599998,56.389999,
157,157,12.28,EW,long,0.041311639,0.064070791,0.036026362,,89,95,84,93.81,91,98.07,,4.54%,92.709999,96.540001,98.650002,96.050003,
158,158,12.28,SWK,long,0.012077566,0.02519769,0.079937486,,112,119,111,115.31,111,117.39,,1.80%,115.089996,116.480003,117.989998,124.290001,
159,159,12.28,THO,long,0.027378257,0.008134104,0.044142487,,98,107,92,100.63,92,101.46,,0.82%,100.809998,103.57,101.629997,105.260002,
160,160,12.28,WGO,long,0.038819879,0.017104741,0.012431916,,28,33,25,31.62,25,32.55,,2.94%,32.100924,33.347078,32.650002,32.5,
161,161,12.28,BABA,short,-0.035939097,-0.10953415,-0.191026604,,84,89,93,87.9,,96.74,93,-10.06%,87.370003,90.510002,96.940002,104.059998,
162,162,12.28,BBBY,short,-0.038442507,-0.000492755,0.001232208,,38,43,45,40.62,45,40.53,,0.22%,40.580002,42.139999,40.599998,40.529999,
163,163,12.28,PANW,short,-0.024245811,-0.100264055,-0.169240568,,121,128,133,124.85,,136.8,138,-9.57%,124.970001,128,137.5,146.119995,
164,164,12.28,RL,short,-0.007112691,0.037119403,-0.013002878,,87,95,98,90.48,95,86.45,,4.45%,89.980003,90.620003,86.639999,91.150002,
165,165,12.28,RH,short,-0.029239733,0.063027971,0.082521147,,29,33,36,30.66,33,28.57,,6.82%,30.780001,31.68,28.84,28.24,
166,166,12.28,SOHU,short,-0.069226205,-0.121291387,-0.200407179,,32,36,37,34.15,,38.45,41,-12.59%,34.380001,36.759998,38.549999,41.27,
167,167,12.28,GNC,short,-0.029676259,-0.003597122,0.177158273,,10,13,14.5,11.07,13.8,11.16,,-0.81%,11.12,11.45,11.16,9.15,
